{
  "name": "arc-data-import",
  "description": "An element that imports data into the ARC datastore",
  "version": "0.1.7",
  "license": "Apache-2.0 OR CC-BY-4.0",
  "authors": [
    "The Advanced REST client authors <arc@mulesoft.com>"
  ],
  "keywords": [
    "web-components",
    "polymer"
  ],
  "private": true,
  "main": [
    "arc-data-import.html"
  ],
  "repository": {
    "type": "git",
    "url": "git@github.com:advanced-rest-client/arc-data-import.git"
  },
  "dependencies": {
    "polymer": "Polymer/polymer#^1.9.2",
    "app-pouchdb": "advanced-rest-client/app-pouchdb#^1.0.0"
  },
  "devDependencies": {
    "iron-component-page": "polymerelements/iron-component-page#1.0.0",
    "web-component-tester": "^6.0.0",
    "paper-styles": "polymerelements/paper-styles#^1.0.2",
    "iron-demo-helpers": "PolymerElements/iron-demo-helpers#^1.0.0",
    "iron-test-helpers": "PolymerElements/iron-test-helpers#^1.4.0",
    "test-fixture": "PolymerElements/test-fixture#^3.0.0",
    "webcomponentsjs": "webcomponents/webcomponentsjs#^0.7.0",
    "arc-demo-helpers": "advanced-rest-client/arc-demo-helpers#^1.0.20",
    "fetch-polyfill": "advanced-rest-client/fetch-polyfill#^0.1.1"
  },
  "ignore": [
    "**/.*",
    "dependencyci.yml",
    "node_modules",
    "bower_components",
    "test",
    "tasks"
  ],
  "homepage": "https://github.com/advanced-rest-client/arc-data-import",
  "_release": "0.1.7",
  "_resolution": {
    "type": "version",
    "tag": "0.1.7",
    "commit": "0bd5e0836bd1d2b50aaea2660c0664ed4ac8395c"
  },
  "_source": "https://github.com/advanced-rest-client/arc-data-import.git",
  "_target": "^0.1.1",
  "_originalSource": "advanced-rest-client/arc-data-import"
}