{
  "verbose": false,
  "plugins": {
    "local": {
      "disabled": true,
      "browsers": ["chrome", "firefox"]
    },
    "sauce": {
      "disabled": true,
      "browsers": [{
        "browserName": "microsoftedge",
        "platform": "Windows 10",
        "version": ""
      }, {
        "browserName": "internet explorer",
        "platform": "Windows 8.1",
        "version": "11"
      }, {
        "browserName": "internet explorer",
        "platform": "Windows 7",
        "version": "10"
      }, {
        "browserName": "firefox",
        "platform": "Windows 10",
        "version": "latest-2"
      }, {
        "browserName": "chrome",
        "platform": "Windows 10",
        "version": "latest-2"
      }, {
        "browserName": "safari",
        "platform": "OS X 10.11",
        "version": "10"
      }]
    }
  }
}
