{
  "name": "arc-messages-service",
  "description": "Messages synchronization service for ARC",
  "version": "0.1.5",
  "license": "Apache-2.0 OR CC-BY-4.0",
  "authors": [
    "The Advanced REST client authors <arc@mulesoft.com>"
  ],
  "keywords": [
    "web-components",
    "polymer"
  ],
  "private": true,
  "main": [
    "arc-messages-service.html"
  ],
  "repository": {
    "type": "git",
    "url": "git@github.com:advanced-rest-client/arc-messages-service.git"
  },
  "dependencies": {
    "polymer": "Polymer/polymer#^1.9.2",
    "bower": "*",
    "install": "^1.0.4",
    "iron-ajax": "PolymerElements/iron-ajax#<2"
  },
  "devDependencies": {
    "iron-component-page": "polymerelements/iron-component-page#1.0.0",
    "web-component-tester": "^6.0.0",
    "paper-styles": "polymerelements/paper-styles#^1.0.2",
    "iron-demo-helpers": "PolymerElements/iron-demo-helpers#^1.0.0",
    "iron-test-helpers": "PolymerElements/iron-test-helpers#^1.4.0",
    "test-fixture": "PolymerElements/test-fixture#^3.0.0",
    "webcomponentsjs": "webcomponents/webcomponentsjs#^0.7.0"
  },
  "ignore": [
    "**/.*",
    "dependencyci.yml",
    "node_modules",
    "bower_components",
    "test",
    "tasks"
  ],
  "homepage": "https://github.com/advanced-rest-client/arc-messages-service",
  "_release": "0.1.5",
  "_resolution": {
    "type": "version",
    "tag": "0.1.5",
    "commit": "47bdb2c523a495d96133f47072636d23bb02521b"
  },
  "_source": "https://github.com/advanced-rest-client/arc-messages-service.git",
  "_target": "^0.1.3",
  "_originalSource": "advanced-rest-client/arc-messages-service"
}