{
  "name": "chrome-file-export",
  "description": "File export using Chrome apps API",
  "version": "0.1.1",
  "license": "Apache-2.0 OR CC-BY-4.0",
  "authors": [
    "The Advanced REST client authors <arc@mulesoft.com>"
  ],
  "keywords": [
    "web-components",
    "polymer"
  ],
  "private": true,
  "main": [
    "chrome-file-export.html"
  ],
  "repository": {
    "type": "git",
    "url": "git@github.com:advanced-rest-client/chrome-file-export.git"
  },
  "dependencies": {
    "polymer": "Polymer/polymer#^1.9.2",
    "events-target-behavior": "advanced-rest-client/events-target-behavior#^0.1.3",
    "chrome-app-filesystem": "advanced-rest-client/chrome-app-filesystem#^1.1.4"
  },
  "devDependencies": {
    "iron-component-page": "polymerelements/iron-component-page#1.0.0",
    "web-component-tester": "^6.0.0",
    "paper-styles": "polymerelements/paper-styles#^1.0.2",
    "iron-demo-helpers": "PolymerElements/iron-demo-helpers#^1.0.0",
    "iron-test-helpers": "PolymerElements/iron-test-helpers#^1.4.0",
    "test-fixture": "PolymerElements/test-fixture#^3.0.0",
    "webcomponentsjs": "webcomponents/webcomponentsjs#^0.7.0"
  },
  "ignore": [
    "**/.*",
    "dependencyci.yml",
    "node_modules",
    "bower_components",
    "test",
    "tasks"
  ],
  "homepage": "https://github.com/advanced-rest-client/chrome-file-export",
  "_release": "0.1.1",
  "_resolution": {
    "type": "version",
    "tag": "0.1.1",
    "commit": "fdc36ce57dbe9a6c028f2990c64a8eb2ef6f2f76"
  },
  "_source": "https://github.com/advanced-rest-client/chrome-file-export.git",
  "_target": "^0.1.1",
  "_originalSource": "advanced-rest-client/chrome-file-export"
}