{
  "name": "bytes-counter",
  "description": "An element that couns number of bytes in string or object",
  "version": "0.1.1",
  "license": "Apache-2.0 OR CC-BY-4.0",
  "authors": [
    "The Advanced REST client authors <arc@mulesoft.com>"
  ],
  "keywords": [
    "web-components",
    "polymer"
  ],
  "private": true,
  "main": [
    "bytes-counter.html"
  ],
  "repository": {
    "type": "git",
    "url": "git@github.com:advanced-rest-client/bytes-counter.git"
  },
  "dependencies": {
    "polymer": "Polymer/polymer#^1.9.2",
    "arc-polyfills": "advanced-rest-client/arc-polyfills#^0.1.8",
    "fetch-polyfill": "advanced-rest-client/fetch-polyfill#^0.1.1"
  },
  "devDependencies": {
    "iron-component-page": "polymerelements/iron-component-page#1.0.0",
    "web-component-tester": "^6.0.0",
    "paper-styles": "polymerelements/paper-styles#^1.0.2",
    "iron-demo-helpers": "PolymerElements/iron-demo-helpers#^1.0.0",
    "iron-test-helpers": "PolymerElements/iron-test-helpers#^1.4.0",
    "test-fixture": "PolymerElements/test-fixture#^3.0.0",
    "webcomponentsjs": "webcomponents/webcomponentsjs#^0.7.0",
    "paper-toast": "PolymerElements/paper-toast#^1.3.1"
  },
  "ignore": [
    "**/.*",
    "dependencyci.yml",
    "node_modules",
    "bower_components",
    "test",
    "tasks"
  ],
  "homepage": "https://github.com/advanced-rest-client/bytes-counter",
  "_release": "0.1.1",
  "_resolution": {
    "type": "version",
    "tag": "0.1.1",
    "commit": "06805969e88517b449aad1081d1e2322f46c4924"
  },
  "_source": "https://github.com/advanced-rest-client/bytes-counter.git",
  "_target": "^0.1.1",
  "_originalSource": "advanced-rest-client/bytes-counter"
}