{
  "name": "arc-title",
  "description": "An element that controls ARC's main title element depending on route params",
  "version": "0.0.2",
  "license": "Apache-2.0 OR CC-BY-4.0",
  "authors": [
    "The Advanced REST client authors <arc@mulesoft.com>"
  ],
  "keywords": [
    "web-components",
    "polymer"
  ],
  "private": true,
  "main": [
    "arc-title.html"
  ],
  "repository": {
    "type": "git",
    "url": "git@github.com:advanced-rest-client/arc-title.git"
  },
  "dependencies": {
    "polymer": "Polymer/polymer#^1.9.2"
  },
  "devDependencies": {
    "iron-component-page": "polymerelements/iron-component-page#1.0.0",
    "web-component-tester": "^6.0.0",
    "paper-styles": "polymerelements/paper-styles#^1.0.2",
    "iron-demo-helpers": "PolymerElements/iron-demo-helpers#^1.0.0",
    "iron-test-helpers": "PolymerElements/iron-test-helpers#^1.4.0",
    "test-fixture": "PolymerElements/test-fixture#^3.0.0",
    "webcomponentsjs": "webcomponents/webcomponentsjs#^0.7.0"
  },
  "ignore": [
    "**/.*",
    "dependencyci.yml",
    "node_modules",
    "bower_components",
    "test",
    "tasks"
  ],
  "homepage": "https://github.com/advanced-rest-client/arc-title",
  "_release": "0.0.2",
  "_resolution": {
    "type": "version",
    "tag": "0.0.2",
    "commit": "fcf9af02d6ee55f971a2183a49e707dbf15fdc45"
  },
  "_source": "https://github.com/advanced-rest-client/arc-title.git",
  "_target": "^0.0.2",
  "_originalSource": "advanced-rest-client/arc-title"
}