{
  "name": "arc-menu",
  "description": "Side navigation for Advanced REST Client",
  "version": "0.5.2",
  "license": "Apache-2.0 OR CC-BY-4.0",
  "authors": [
    "The Advanced REST client authors <arc@mulesoft.com>"
  ],
  "keywords": [
    "web-components",
    "polymer"
  ],
  "private": true,
  "main": [
    "arc-menu.html"
  ],
  "repository": {
    "type": "git",
    "url": "git@github.com:advanced-rest-client/arc-menu.git"
  },
  "dependencies": {
    "polymer": "Polymer/polymer#^1.9.2",
    "history-menu": "advanced-rest-client/history-menu#^0.1.1",
    "saved-menu": "advanced-rest-client/saved-menu#^0.1.3",
    "paper-item": "PolymerElements/paper-item#<2",
    "paper-button": "PolymerElements/paper-button#<2",
    "iron-flex-layout": "PolymerElements/iron-flex-layout#<2",
    "paper-tabs": "PolymerElements/paper-tabs#<2",
    "arc-api-menu": "advanced-rest-client/arc-api-menu#^0.1.1"
  },
  "devDependencies": {
    "iron-component-page": "polymerelements/iron-component-page#1.0.0",
    "web-component-tester": "^6.0.0",
    "paper-styles": "polymerelements/paper-styles#^1.0.2",
    "iron-demo-helpers": "PolymerElements/iron-demo-helpers#^1.0.0",
    "iron-test-helpers": "PolymerElements/iron-test-helpers#^1.4.0",
    "test-fixture": "PolymerElements/test-fixture#^3.0.0",
    "webcomponentsjs": "webcomponents/webcomponentsjs#^0.7.0",
    "chance": "^1.0.11",
    "paper-toast": "PolymerElements/paper-toast#<2"
  },
  "ignore": [
    "**/.*",
    "dependencyci.yml",
    "node_modules",
    "bower_components",
    "test",
    "tasks"
  ],
  "homepage": "https://github.com/advanced-rest-client/arc-menu",
  "_release": "0.5.2",
  "_resolution": {
    "type": "version",
    "tag": "0.5.2",
    "commit": "456f0a826c72ab1eff862e591be736b8091cdf4a"
  },
  "_source": "https://github.com/advanced-rest-client/arc-menu.git",
  "_target": "^0.5.0",
  "_originalSource": "advanced-rest-client/arc-menu"
}