{
  "name": "arc-license-dialog",
  "description": "A license information dialog for ARC",
  "version": "0.1.1",
  "license": "Apache-2.0 OR CC-BY-4.0",
  "authors": [
    "The Advanced REST client authors <arc@mulesoft.com>"
  ],
  "keywords": [
    "web-components",
    "polymer"
  ],
  "private": true,
  "main": [
    "arc-license-dialog.html"
  ],
  "repository": {
    "type": "git",
    "url": "git@github.com:advanced-rest-client/arc-license-dialog.git"
  },
  "dependencies": {
    "polymer": "Polymer/polymer#^1.9.2",
    "paper-dialog": "PolymerElements/paper-dialog#<2",
    "paper-dialog-scrollable": "PolymerElements/paper-dialog-scrollable#<2",
    "paper-button": "PolymerElements/paper-button#<2"
  },
  "devDependencies": {
    "iron-component-page": "polymerelements/iron-component-page#1.0.0",
    "web-component-tester": "^6.0.0",
    "paper-styles": "polymerelements/paper-styles#^1.0.2",
    "iron-demo-helpers": "PolymerElements/iron-demo-helpers#^1.0.0",
    "iron-test-helpers": "PolymerElements/iron-test-helpers#^1.4.0",
    "test-fixture": "PolymerElements/test-fixture#^3.0.0",
    "webcomponentsjs": "webcomponents/webcomponentsjs#^0.7.0"
  },
  "ignore": [
    "**/.*",
    "dependencyci.yml",
    "node_modules",
    "bower_components",
    "test",
    "tasks"
  ],
  "homepage": "https://github.com/advanced-rest-client/arc-license-dialog",
  "_release": "0.1.1",
  "_resolution": {
    "type": "version",
    "tag": "0.1.1",
    "commit": "013e404e35c8ded51a595151512212703121a09c"
  },
  "_source": "https://github.com/advanced-rest-client/arc-license-dialog.git",
  "_target": "^0.1.1",
  "_originalSource": "advanced-rest-client/arc-license-dialog"
}