{
  "name": "api-console",
  "description": "The API console used in RAML platform.",
  "authors": [
    "The Advanced REST client authors <arc@mulesoft.com>"
  ],
  "version": "4.2.1",
  "keywords": [
    "web-components",
    "polymer",
    "raml",
    "api",
    "console"
  ],
  "license": "CPAL-1.0",
  "private": true,
  "main": "api-console.html",
  "repository": {
    "type": "git",
    "url": "git@github.com:mulesoft/api-console.git"
  },
  "dependencies": {
    "polymer": "Polymer/polymer#^1.6.0",
    "iron-flex-layout": "PolymerElements/iron-flex-layout#^1.0.0",
    "iron-icon": "PolymerElements/iron-icon#^1.0.12",
    "iron-iconset-svg": "PolymerElements/iron-iconset-svg#^1.0.0",
    "iron-localstorage": "PolymerElements/iron-localstorage#^1.0.0",
    "iron-media-query": "PolymerElements/iron-media-query#^1.0.0",
    "iron-pages": "PolymerElements/iron-pages#^1.0.0",
    "paper-icon-button": "PolymerElements/paper-icon-button#~1.1.0",
    "raml-aware": "advanced-rest-client/raml-aware#^1.0.2",
    "paper-toast": "PolymerElements/paper-toast#^1.3.0",
    "raml-request-panel": "advanced-rest-client/raml-request-panel#^0.5.2",
    "raml-documentation-panel": "advanced-rest-client/raml-documentation-panel#^2.0.9",
    "paper-progress": "PolymerElements/paper-progress#^1.0.11",
    "paper-button": "PolymerElements/paper-button#^1.0.14",
    "arc-icons": "advanced-rest-client/arc-icons#^1.0.10",
    "paper-dialog": "PolymerElements/paper-dialog#^1.1.0",
    "paper-input": "PolymerElements/paper-input#^1.1.22",
    "response-view": "advanced-rest-client/response-view#^0.1.1",
    "fetch-polyfill": "advanced-rest-client/fetch-polyfill#^0.1.1",
    "api-console-ext-comm": "advanced-rest-client/api-console-ext-comm#^0.1.1",
    "paper-drawer-panel": "PolymerElements/paper-drawer-panel#^1.0.11",
    "paper-header-panel": "PolymerElements/paper-header-panel#^1.1.7",
    "paper-toolbar": "PolymerElements/paper-toolbar#^1.1.7",
    "iron-scroll-target-behavior": "PolymerElements/iron-scroll-target-behavior#^1.1.1",
    "headers-parser-behavior": "advanced-rest-client/headers-parser-behavior#^0.1.1"
  },
  "devDependencies": {
    "iron-component-page": "polymerelements/iron-component-page#1.0.0",
    "web-component-tester": "^6.0.0",
    "paper-styles": "polymerelements/paper-styles#^1.0.2",
    "iron-demo-helpers": "PolymerElements/iron-demo-helpers#^1.0.0",
    "iron-test-helpers": "PolymerElements/iron-test-helpers#^1.4.0",
    "test-fixture": "PolymerElements/test-fixture#^3.0.0",
    "webcomponentsjs": "webcomponents/webcomponentsjs#^0.7.0",
    "arc-demo-helpers": "advanced-rest-client/arc-demo-helpers#^1.0.4",
    "paper-dropdown-menu": "PolymerElements/paper-dropdown-menu#^1.4.3",
    "paper-listbox": "polymerelements/paper-listbox#^1.1.2",
    "paper-item": "PolymerElements/paper-item#^1.2.1",
    "raml-docs-helpers": "advanced-rest-client/raml-docs-helpers#^1.0.5",
    "app-route": "PolymerElements/app-route#^1.0.0",
    "raml-aware": "advanced-rest-client/raml-aware#^1.0.3",
    "paper-toggle-button": "PolymerElements/paper-toggle-button#<2"
  },
  "ignore": [
    "**/.*",
    "node_modules",
    "bower_components",
    "test",
    "tasks",
    "demo",
    "docs"
  ],
  "homepage": "https://github.com/mulesoft/api-console",
  "_release": "4.2.1",
  "_resolution": {
    "type": "version",
    "tag": "v4.2.1",
    "commit": "8c38da68fe8b44d68aa8cb1c4ee6de33d2e16e9e"
  },
  "_source": "https://github.com/mulesoft/api-console.git",
  "_target": "^4.2.0",
  "_originalSource": "mulesoft/api-console"
}