{
  "name": "bottom-sheet",
  "description": "Bottom sheets slide up from the bottom of the screen to reveal more content.",
  "author": "The Advanced REST Client authors",
  "version": "1.1.2",
  "keywords": [
    "web-components",
    "polymer",
    "paper element",
    "bottom sheet",
    "menu",
    "button"
  ],
  "private": true,
  "main": [
    "bottom-sheet.html"
  ],
  "repository": {
    "type": "git",
    "url": "git@github.com:advanced-rest-client/bottom-sheet.git"
  },
  "dependencies": {
    "polymer": "Polymer/polymer#^1.0.0",
    "iron-a11y-announcer": "PolymerElements/iron-a11y-announcer#^1.0.5",
    "iron-overlay-behavior": "PolymerElements/iron-overlay-behavior#^1.8.6",
    "paper-styles": "PolymerElements/paper-styles#^1.1.4"
  },
  "devDependencies": {
    "iron-component-page": "polymerelements/iron-component-page#1.0.0",
    "web-component-tester": "^6.0.0",
    "paper-styles": "polymerelements/paper-styles#^1.0.2",
    "iron-demo-helpers": "PolymerElements/iron-demo-helpers#^1.0.0",
    "iron-test-helpers": "PolymerElements/iron-test-helpers#^1.4.0",
    "test-fixture": "PolymerElements/test-fixture#^3.0.0",
    "webcomponentsjs": "webcomponents/webcomponentsjs#^0.7.0",
    "paper-item": "PolymerElements/paper-item#^1.2.1",
    "paper-button": "PolymerElements/paper-button#^1.0.13",
    "iron-icon": "PolymerElements/iron-icon#^1.0.10",
    "iron-icons": "PolymerElements/iron-icons#^1.1.3"
  },
  "ignore": [
    "**/.*",
    "node_modules",
    "bower_components",
    "test",
    "tasks",
    "wct.conf.json",
    "package.json",
    "package-lock.json",
    "index.html",
    "hero.svg",
    "CONTRIBUTING.md"
  ],
  "homepage": "https://github.com/advanced-rest-client/bottom-sheet",
  "_release": "1.1.2",
  "_resolution": {
    "type": "version",
    "tag": "1.1.2",
    "commit": "ebc6c1806ce8124bd0b9e74cafc95e0c18f59ae2"
  },
  "_source": "https://github.com/advanced-rest-client/bottom-sheet.git",
  "_target": "^1.0.4",
  "_originalSource": "advanced-rest-client/bottom-sheet"
}