{
  "name": "arc-data-export",
  "description": "An element to handle data export preparation for ARC",
  "version": "0.2.4",
  "license": "Apache-2.0 OR CC-BY-4.0",
  "authors": [
    "The Advanced REST client authors <arc@mulesoft.com>"
  ],
  "keywords": [
    "web-components",
    "polymer"
  ],
  "private": true,
  "main": [
    "arc-data-export.html"
  ],
  "repository": {
    "type": "git",
    "url": "git@github.com:advanced-rest-client/arc-data-export.git"
  },
  "dependencies": {
    "polymer": "Polymer/polymer#^1.9.2",
    "app-pouchdb": "advanced-rest-client/app-pouchdb#^1.0.0"
  },
  "devDependencies": {
    "iron-component-page": "polymerelements/iron-component-page#1.0.0",
    "web-component-tester": "^6.0.0",
    "paper-styles": "polymerelements/paper-styles#^1.0.2",
    "iron-demo-helpers": "PolymerElements/iron-demo-helpers#^1.0.0",
    "iron-test-helpers": "PolymerElements/iron-test-helpers#^1.4.0",
    "test-fixture": "PolymerElements/test-fixture#^3.0.0",
    "webcomponentsjs": "webcomponents/webcomponentsjs#^0.7.0",
    "chance": "^1.0.11"
  },
  "ignore": [
    "**/.*",
    "dependencyci.yml",
    "node_modules",
    "bower_components",
    "test",
    "tasks"
  ],
  "homepage": "https://github.com/advanced-rest-client/arc-data-export",
  "_release": "0.2.4",
  "_resolution": {
    "type": "version",
    "tag": "0.2.4",
    "commit": "5f813cc561eb02b08fa3d3a656cbb4895dd157f2"
  },
  "_source": "https://github.com/advanced-rest-client/arc-data-export.git",
  "_target": "^0.2.0",
  "_originalSource": "advanced-rest-client/arc-data-export"
}